Portal;ID;Trabalho repetido no portal;Duplicado;Link;Título;Ano;Disponibilidade;Tipo;Língua do texto;Selecionado;Motivo da exclusão;Definições;Referências das definições;Definições limpas e traduzidas
ScienceDirect;1;Não;Não;https://doi.org/10.1016/0388-0001(89)90016-8;Textual cohesion in Modern Standard Chinese ;1989;Aberto/Acesso Institucional;Artigo;Inglês;Sim;;"""Text features involve one of the characteristics of a text as a structural unit. This characteristic is 'the impression of the singleness of a text' (Fowler 1977:77). Such singleness is realized at the grammatical, phonological and lexical levels of language through relations of similarity. This is not to say that a text is necessarily singularly homogeneous, but rather, that a text does tend to be characterized by a similarity of language features – similar structural patterns, similar rhythmic patterns and similar lexical items"" (p. 93).";Fowler (1977);A text tends to be characterized by a similarity of language features – similar structural patterns, similar rhythmic patterns and similar lexical items.
ScienceDirect;5;Não;Não;https://doi.org/10.1016/j.sbspro.2014.01.858;The degree of textuality in speech of six-year-old children;2014;Aberto/Acesso Institucional;Artigo;Inglês;Sim;;"""Text is a language system produced either in an oral or written form. It is compulsory for a language system to carry a function of communication to be handled as a text. Language usages which do not fulfill the function of communication cannot be evaluated as a text. According to this, text is defined as a meaningful structure that linguistic indicators comprising a closed structure with its beginning and ending that come sequentially (Günay, 2003)"" (p. 3875).";Günay (2003);Text is a language system produced either in an oral or written form. Text is defined as a meaningful structure that linguistic indicators comprising a closed structure with its beginning and ending that come sequentially.
ScienceDirect;6;Não;Não;https://doi.org/10.1016/j.sbspro.2014.12.309;The relation discourse–text and textuality. Pro-pragmatic self-reference on speech;2014;Aberto/Acesso Institucional;Artigo;Inglês;Sim;;"""A text is a 'relatively limited wholeness' (Starobinski, 1985)"" (p. 2015). ""In narrow sense, a text is a sequence of signs, superordinate to a clause with a varied thematic content. It is characterized by extensional and intensional semantic relations between clauses. In wide sense, the text and the discourse are considered unitary and complementary sides of a unique object 'analysed by textual grammar from structural perspective (with emphasis on cohesion, coherence, connectors, etc.) and by discourse analysis from contextual perspective' (Rovenţa-Frumuşani, 2005)"" (p. 216).";"Starobinski (1985); Rovenţa-Frumuşani (2005)";A text is a relatively limited wholeness. A text is a sequence of signs, superordinate to a clause with a varied thematic content. A text is characterized by extensional and intensional semantic relations between clauses. In wide sense, the text and the discourse are considered unitary and complementary sides of a unique object analysed by textual grammar from structural perspective with emphasis on cohesion, coherence, connectos, and by discourse analysis from contextual perspective.
ScienceDirect;14;Não;Não;https://doi.org/10.1016/0346-251X(89)90008-0;A study of cohesion and coherence in Arab EFL college students' writing;1989;Aberto/Acesso Institucional;Artigo;Inglês;Sim;;"""Unlike a 'disconnected sequence of sentences,' a text is a 'unit of language in use' (p. 1). Any language has grammatical and lexical devices that create 'texture', which is the property of being a text"" (p. 360).";Halliday e Hasan (1976);A text is a unit of language in use. Any language has grammatical and lexical devices that create texture, which is the property of being a text.
ScienceDirect;21;Não;Não;https://doi.org/10.1016/j.sbspro.2013.01.207;The Text-structural Activities in ELT and (T)urkish (L)anguage (T)eaching;2013;Aberto/Acesso Institucional;Artigo;Inglês;Sim;;"""Text is regarded as the communicative unit as the result of contemporary studies in linguistics. As Beaugrande & Dressler (1988) argued whereas a language is a virtual system of available options not yet in use, the text is an actual system in which options have been taken from their repertories and utilized in a particular structure. The text is distinguished by its 'textuality', based not only on cohesion and coherence, which are co-text standards but also on the contextual standards, which are intentionality, acceptability, situationality, intertextuality, and informativity (Beaugrande & Dressler, 1988)"" (p. 1432). ""A text is a semantic unit, which is not composed of sentences but is realized in sentences (Halliday, 1977)"" (p. 1433).";"De Beaugrande e Dressler (1988); Halliday (1977)";Text is regarded as the communicative unit as the result of contemporary studies in linguistics. The text is an actual system in which options have been taken from their repertories and utilized in a particular structure. The text is distinguished by its textuality, based not only on cohesion and coherence, which are co-text standards but also on the contextual standards, which are intentionality, acceptability, situationality, intertextuality, and informativity.
ScienceDirect;35;Não;Não;https://doi.org/10.1016/j.linged.2011.09.004;The use of cohesive devices in argumentative writing by Chinese EFL learners at different proficiency levels;2012;Aberto/Acesso Institucional;Artigo;Inglês;Sim;;"""According to Halliday and Hasan (1976), a text has texture, which makes a text a unity with respect to its context and distinguishes it from a set of disconnected sentences. There are two essential elements which serve to provide texture: structural and non-structural relations. The former one comprises information structure, thematic patterns and the like; the latter refers to cohesion which is a semantic relation that can be further categorized into reference, conjunction, substitution, ellipsis and lexical cohesion within a text"" (p. 32).";Halliday e Hasan (1976);"A text has texture, which makes a text a unity with respect to its context and distinguishes it from a set of disconnected sentences. There are two essential elements which serve to provide texture: structural and non-structural relations. Structural relations comprises information structure, thematic patterns and the like; Non-structural relations refers to cohesion which is a semantic relation that can be further categorized into reference, conjunction, substitution, ellipsis and lexical cohesion within a text."
ScienceDirect;44;Não;Não;https://doi.org/10.1016/S0020-0255(02)00400-0;Extraction and representation of contextual information for knowledge discovery in texts;2003;Aberto/Acesso Institucional;Artigo;Inglês;Sim;;"""Texts can be defined as collections of words, implying both connected and unconnected strings"" (p. 131). ""A text is a discourse with some intended meaning, expressed as a specific choice of sequences of words to form sentences, paragraphs and sections to structure and convey the intended meaning"" (p. 132).";;Texts can be defined as collections of words, implying both connected and unconnected strings. A text is a discourse with some intended meaning, expressed as a specific choice of sequences of words to form sentences, paragraphs and sections to structure and convey the intended meaning.
ScienceDirect;50;Não;Não;https://doi.org/10.1016/S0020-0255(98)10090-7;An information-theoretic based model for large-scale contextual text processing;1999;Aberto/Acesso Institucional;Artigo;Inglês;Sim;;"""Texts can be defined as collections of words, implying both connected and unconnected strings"" (p. 232).";;Texts can be defined as collections of words, implying both connected and unconnected strings.
ScienceDirect;52;Não;Não;https://doi.org/10.1016/j.langsci.2008.06.002;Inter-sentential anaphora and coherence relations in discourse: A perfect match;2009;Aberto/Acesso Institucional;Artigo;Inglês;Sim;;"""The text is the trace of at least one utterance act (whether realized in terms of a verbal, linguistic trace, or of a non-verbal one – which may be gestural, sensori-perceptual or prosodic)"" (p. 574). ""Text, then, refers to the connected sequences of signs and signals, under their conventional meanings, produced by the speaker and (in informal spoken interactions) by the addressee – certain of which point to possible ways of grounding the discourse to be constructed within a particular context, in cognitive terms"" (p. 573).";;The text is the trace of at least one utterance act whether realized in terms of a verbal, linguistic trace, or of a non-verbal one, which may be gestural, sensori-perceptual or prosodic. Text, then, refers to the connected sequences of signs and signals, under their conventional meanings, produced by the speaker and, in informal spoken interactions, by the addressee, certain of which point to possible ways of grounding the discourse to be constructed within a particular context, in cognitive terms.
ScienceDirect;55;Não;Não;https://doi.org/10.1016/j.pragma.2014.11.010;Click bait: Forward-reference as lure in online news headlines;2015;Aberto/Acesso Institucional;Artigo;Inglês;Sim;;"""Regarding the notion 'text', we choose to follow Halliday and Hasan's definition: 'A text is a unit of language in use. It is not a grammatical unit, like a clause or a sentence; and it is not defined by its size. [...] A text is best regarded as a semantic unit; a unit not of form but of meaning.' (Halliday and Hasan, 1976:1–2)"" (p. 92).";Halliday e Hasan (1976);A text is a unit of language in use. A text is best regarded as a semantic unit, a unit of meaning.
ScienceDirect;57;Não;Não;https://doi.org/10.1016/j.pragma.2009.06.012;The globalization and localization of persuasive marketing communication: A cross-linguistic socio-cultural analysis;2010;Aberto/Acesso Institucional;Artigo;Inglês;Sim;;"""[...] given that a text is a 'semantic unit: a unit not of form but of meaning' (Halliday and Hasan, 1976:2) and is the 'basic unit of language in use' (Halliday, 1970:160) due to its function as 'the verbal record of a communicative act' (Brown and Yule, 1983:6), it should not be defined by its size"" (p. 358).";"Halliday e Hasan (1976); Halliday (1970); Brown e Yule (1983)";A text is a semantic unit. A text is the basic unit of language in use. A text functions as the verbal record of a communicative act.
ScienceDirect;69;Não;Não;https://doi.org/10.1016/S0378-2166(98)00099-X;Text, discourse, discours: The latest report from the Terminology Vice Squad;1999;Aberto/Acesso Institucional;Artigo;Inglês;Sim;;"""Text [...] in Malinowski's words, is 'divorced from its context of action and situation' (1935:8). This means that text is what happens to discourse if or when it is taken out of the immediate context of its production, whether written down, recorded, quoted or remembered"" (p. 912). ""[...] a text is the way in which the utterance of a speaker can be preserved in time after the immediate speech situation"" (p. 912). ""What Jacob calls text, is a discontextualized object of analysis (as it is, in a different way, for Malinowki and Ehlich)"" (p. 914). ""The discursive events leave textual traces; actually, texts are these traces and without discours there would be no texts"" (p. 915).";"Malinowski (1935); Ehlich (1979)";Text is what happens to discourse if or when it is taken out of the immediate context of its production, whether written down, recorded, quoted or remembered. A text is the way in which the utterance of a speaker can be preserved in time after the immediate speech situation. A text is a discontextualized object of analysis. Texts are traces of discursive events.
ScienceDirect;74;Não;Não;https://doi.org/10.1016/0378-2166(87)90111-1;The three levels of connectivity in a text;1987;Aberto/Acesso Institucional;Artigo;Inglês;Sim;;"""Connectivity is found on three levels: the grammatical-semantic level, the thematic-topic level, and the level of discourse and intentionality. On the first level, the text is a string of sentences: Here, the problem is how to connect the sentences and parts of the text with one another. On the second level, the text is a collection of different themes and arguments; here, the problem is how to structure and supplement this collection in relation to a main topic in the text. On the third level, the text is a conversation, a multiplicity of voices fading in and out of a discussion; here, the problem is to establish the leading voice, thereby giving the text its intentionality, its final connectivity, and identity"" (p. 737).";;The text is a string of sentences. The text is a collection of different themes and arguments. The text is a conversation, a multiplicity of voices fading in and out of a discussion.
ScienceDirect;81;Não;Não;https://doi.org/10.1016/S1060-3743(02)00085-1;A modern history of written discourse analysis;2002;Aberto/Acesso Institucional;Artigo;Inglês;Sim;;"""Written texts can be examined from the perspective of textlinguistics, originally developed in Germany but having important constituents in Britain. From this perspective, a text is a stretch of language whose structure is constituted along linguistic lines, so that the textuality results from internal cohesion and coherence of textual units; that is, a focus on regularities of intersentential links – e.g., conjunction, ellipsis, lexical cohesion, reference, etc. Additionally, there has been a concern for the distribution of information within texts – old/new, theme/rheme, topic/comment (which in turn necessarily implicates subject/predicate in more traditional terms) (Finegan, 1999; Halliday & Hasan, 1976, 1989)"" (p. 193).";"Finegan (1999); Halliday e Hasan (1976); Halliday e Hasan (1989)";A text is a stretch of language whose structure is constituted along linguistic lines, so that the textuality results from internal cohesion and coherence of textual units, that is, a focus on regularities of intersentential links – conjunction, ellipsis, lexical cohesion, reference. Additionally, there has been a concern for the distribution of information within texts – old, new, theme, rheme, topic, comment, which in turn necessarily implicates subject and predicate in more traditional terms.
ScienceDirect;86;Não;Não;https://doi.org/10.1016/j.sbspro.2010.03.611;Structure, function and readability of new textbooks in relation to comprehension;2010;Aberto/Acesso Institucional;Artigo;Inglês;Sim;;"""A text is a tissue of a certain structure which can be made coherent written or at least writeable statements. A lot of linguistic studies cite preferentially the 1981 edited Introduction of text linguistics written by ROBERT ALAIN DE BEAUGRANDE and WOLFGANG ULRICH DRESSLER. They list 7 significant criteria such as cohesion, coherence, intentionality, acceptability or intertextuality, which distinguish texts and non-texts"" (p. 3894).";De Beaugrande e Dressler (1981);A text is a tissue of a certain structure which can be made coherent written or at least writeable statements.
ScienceDirect;91;Não;Não;https://doi.org/10.1016/S0898-5898(97)90005-X;A study of changes and development in children's written discourse potential;1997;Aberto/Acesso Institucional;Artigo;Inglês;Sim;;"""Briefly, a text is a social event. It is the organized actualization of context and role relations (Halliday & Hasan, 1989)"" (p. 343).";Halliday e Hasan (1989);A text is a social event. A text is the organized actualization of context and role relations.
ScienceDirect;98;Não;Não;https://doi.org/10.1016/j.jeap.2019.100769;The contribution of Halliday to EAP writing instruction: A personal journey;2019;Aberto/Acesso Institucional;Artigo;Inglês;Sim;;"""In Systemic Functional Grammar, language is viewed as a complex system of interconnected layers of meaning, with components whose selection is determined by the interaction between speaker and listener or writer and reader in a particular situation. Texts are viewed as dynamic structures through which meanings flow in waves of abstraction 'with smaller units of discourse 'scaffolded' within larger units' (Martin & Rose, 2007, p. 199)"" (p. 2).";"Halliday (2004); Martin e Rose (2007)";Texts are viewed as dynamic structures through which meanings flow in waves of abstraction with smaller units of discourse scaffolded within larger units.
ScienceDirect;99;Não;Não;https://doi.org/10.1016/0378-2166(89)90109-4;Open and closed texts: The ideological/semantic analysis of textbook narratives;1989;Aberto/Acesso Institucional;Artigo;Inglês;Sim;;"""This much educational researchers agree upon: Curricular text entails messages which convey particular values, knowledges, beliefs and understandings; text embodies linguistic structures, without which the communication of said messages would be impossible. This is to say that text involves coded information"" (p. 53). ""Texts are, moreover, pragmatic entities, produced and consumed in a context of human intersubjective relationships between author, reader and, in the case of the school text, teacher"" (p. 58).";;Text embodies linguistic structures, without which the communication of said messages would be impossible. Text involves coded information. Texts are pragmatic entities, produced and consumed in a context of human intersubjective relationships between author, reader and, in the case of the school text, teacher.
ScienceDirect;100;Não;Não;https://doi.org/10.1016/j.sbspro.2014.04.220;Whose story? A systemic functional perspective on Mariah;2014;Aberto/Acesso Institucional;Artigo;Inglês;Sim;;"""Any text, regardless of whether it is in the written or spoken form, resides in its society; it is the product of social semiotics (Halliday, 1993) a system of signs that reflects the origin of its social and cultural environment"" (p. 24).";Halliday (1993);Any text resides in its society. A text is the product of social semiotics. A text is a system of signs that reflects the origin of its social and cultural environment.
ScienceDirect;106;Não;Não;https://doi.org/10.1016/j.sbspro.2015.06.020;A critical discourse analysis of the electoral talks of Iranian presidential candidates in 2013;2015;Aberto/Acesso Institucional;Artigo;Inglês;Sim;;"""Wodak` draw (2002) is a line between 'discourse' and 'text'. He views discourse as a system of knowledge and memory, as compared to text which merely represents tangible oral utterances or written documents"" (p. 132).";Wodak (2002);Text represents tangible oral utterances or written documents.
ScienceDirect;110;Não;Não;https://doi.org/10.1016/S0306-4573(96)00051-9;The relevance aura of bibliographic records;1997;Aberto/Acesso Institucional;Artigo;Inglês;Sim;;"""'A text is a interweave of multiple semiotic systems: editorial (typesetting, layout), lexical, syntactic, semantic, representational, communicative, rhetorical, intertextual, etc. It is not the character strings that are significant; rather, it is their properties specific to each of these systems and interpreted by a cognitive agent.' (Bertrand-Gastaldy et al., 1995, p. 56)"" (p. 70).";Bertrand-Gastaldy et al. (1995);A text is a interweave of multiple semiotic systems: editorial (typesetting, layout), lexical, syntactic, semantic, representational, communicative, rhetorial, intertextual.
ScienceDirect;116;Não;Não;https://doi.org/10.1016/j.pragma.2010.03.005;Hjelmslev's Glossematics: A source of inspiration to Systemic Functional Linguistics?;2010;Aberto/Acesso Institucional;Artigo;Inglês;Sim;;"""Systemicists are interested in how entire texts are produced and understood as discourse. Essentially this means that a text is regarded as a semantic or functional unit, not a formal one. A text is thus not to be thought of as composed of sentences but as a discourse unit that may be encoded in sentences (ef. Halliday, 1978:109, 135f)"" (p. 2565). ""Hjelmslev defines a text as 'a syntagmatic whose chains, if expanded indefinitely, are manifested by all purports' (1943:97; 1961:109)"" (p. 2571).";"Halliday (1978); Hjelmslev (1943); Hjelmslev (1961)";A text is regarded as a semantic or functional unit. A text is to be thought of as a discourse unit that may be encoded in sentences. A text is a syntagmatic whose chains, if expanded indefinitely, are manifested by all purports.
ScienceDirect;120;Não;Não;https://doi.org/10.1016/S0378-2166(97)00075-1;Read it and believe it: How metaphor constructs ideology in news discourse. A case study;1997;Aberto/Acesso Institucional;Artigo;Inglês;Sim;;"""A text is rightly seen as a unit of language in use (Halliday and Hasan, 1976), a product rather than a process. More precisely, it is 'a product of the process of text production' (Fairclough, 1989: 24), embedded in the discourse which constitutes the social process of any interaction"" (p. 558). ""[...] a text (and more specifically, a news text) can be analyzed as an act of communication which is characterized by directionality, i.e., it has a producer and a recipient and its purpose is to communicate"" (p. 559).";"Halliday e Hasan (1976); Fairclough (1989)";A text is rightly seen as a unit of language in use, a product. A text is a product of the process of text production, embedded in the discourse which constitutes the social process of any interaction. A text can be analyzed as an act of communication which is characterized by directionality, it has a producer and a recipient and its purpose is to communicate.
ScienceDirect;125;Não;Não;https://doi.org/10.1016/0304-422X(79)90032-9;Preliminaries to a sociolinguistic theory of literary discourse;1979;Aberto/Acesso Institucional;Artigo;Inglês;Sim;;"""For Fish, a text or a sentence is not an object, a thing-in-itself, but 'an event, something that happens to, and with the participation of, the reader' (1970: 125)"" (p. 539). ""A text is seen as the material realization of a discourse involving a number of codes 'selected' from a repertoire relevant to the function of the communication between source and addressee(s)"" (p. 548).";Fish (1970);A text or a sentence is an event, smething that happens to, and with, the participation of, the reader. A text is seen as the material realization of a discourse involving a number of codes selected from a repertoire relevant to the function of the communication between source and addressees.
ScienceDirect;137;Não;Não;https://doi.org/10.1016/0024-3841(82)90003-1;Japanese grammar and functional grammar;1982;Aberto/Acesso Institucional;Artigo;Inglês;Sim;;"""The third function Halliday posits is the 'textual' function which 'enables the speaker or writer to construct 'texts', or connected passages of discourse that are situationally relevant; and enables the listener or reader to distinguish a text from a random set of sentences' (1970: 143)"" (p. 132)";Halliday (1970);Texts are connected passages of discourse that are situationally relevant.
ScienceDirect;141;Não;Não;https://doi.org/10.1016/j.specom.2008.06.003;Prosodic realizations of global and local structure and rhetorical relations in read aloud news reports;2009;Aberto/Acesso Institucional;Artigo;Inglês;Sim;;"""A text is a collection of sentences that cohere: each sentence is related to another sentence or to a group of sentences"" (p. 116).";;A text is a collection of sentences that cohere: each sentence is related to another sentence or to a group of sentences.
ScienceDirect;148;Não;Não;https://doi.org/10.1016/0304-422X(83)90023-2;Surprised by syncretism: Cognition and literary criticism exemplified by E.D. Hirsch, Stanley Fish, and J. Hillis Miller;1983;Aberto/Acesso Institucional;Artigo;Inglês;Sim;;"""The most fundamental problem for theories and models of communication is how to define the TEXT. The SURFACE TEXT is a manifestation language users intend and accept as the visual or acoustic trace of an action of inscribing or uttering. But the status of the text as such cannot be determined by simply examining its manifest trace. The text is both the result and the cause of complex processing actions. Just as the occurrence of the text was a dynamic event, any further use of it (comprehending, describing, remembering, investigating, etc.) is another such event"" (p. 87-88).";;The text is both the result and the cause of complex processing actions.
ScienceDirect;151;Não;Não;https://doi.org/10.1016/0378-2166(80)90015-6;The pragmatics of discourse planning;1980;Aberto/Acesso Institucional;Artigo;Inglês;Sim;;"""The discourse is said to consist of texts: meaningful configurations of sings that fulfill certain criteria"" (p. 17). ""The text has a special theoretical status. The linguistic entities of the phoneme, the morpheme, or the sentence are elements of virtual systems of language, that is, they are constituents of repertories in which the available options of the overall language are stated. In contrast, the text is an actual system in which the decisions about selection and utilization of options have been carried out"" (p. 17).";;Texts are meaningful configurations of sings that fulfill certain criteria. The text is an actual system in which the decisions about selection and utilization of options have been carried out.
ScienceDirect;168;Não;Não;https://doi.org/10.1016/S0898-5898(05)80009-9;A sociolinguistic perspective on retelling procedures in research on children's cognitive processing of written text;1990;Aberto/Acesso Institucional;Artigo;Inglês;Sim;;"""[...] a text is a social exchange of meanings, a semantic unit; it is both a product and a process. It is a product in the sense that it is an output of a particular social interaction that can be recorded and studied, and it is a process in the sense that it represents a continuous process of semantic choice based on parameters operating in a particular context of situation"" (p. 23).";Halliday e Hasan (1985);A text is a social exchange of meanings, a semantic unit. A text is both a product and a process. A text is a product in the sense that it is an output of a particular social interaction that can be recorded and studied. A text is a process in the sense that it represents a continuous process of semantic choice based on parameters operating in a particular context of situation.
ScienceDirect;174;Não;Não;https://doi.org/10.1016/0304-422X(79)90036-6;Toward a general theory of creativity;1979;Aberto/Acesso Institucional;Artigo;Inglês;Sim;;"""Being an assembly of mutually relevant elements, the text is itself a system"" (p. 274). ""In contrast to language systems, whose state is stabilized by the synchronic viewpoint, the text is a system with TRANSITIONS between STATES such as information states (what is known or in focus at any point)"" (p. 274). ""The sentence is a mono-systemic entity defined by syntactic criteria; the text is a transsystemic entity defined by pragmatic criteria"" (p. 275).";;The text is a system, an assembly of mutually relevant elements. The text is a system with transitions between states such as information states (what is known or in focus at any point). The text is a transsystemic entity defined by pragmatic criteria.
ScienceDirect;182;Não;Não;https://doi.org/10.1016/0304-422X(89)90005-3;Poeticity;1989;Aberto/Acesso Institucional;Artigo;Inglês;Sim;;"""Text is some materially given verbal sign complex (Petöfi (1981), Sándor (1982))"" (p. 303). ""Texts always need to be mentally framed for functioning as texts"" (p. 304).";"Petöfi (1981); Sándor (1982)";Text is some materially given verbal sign complex. Texts always need to be mentally framed for functioning as texts.
ScienceDirect;186;Não;Não;https://doi.org/10.1016/j.jeap.2019.100807;Big ideas & sharp focus: Researching and developing students’ academic writing across the disciplines;2020;Aberto/Acesso Institucional;Artigo;Inglês;Sim;;"""[...] text [...] in SFL is conceived not as a material artefact (such as a book, paper or talk) so much as an instance of meanings configured in a particular and dynamic context (communication)"" (p. 2). ""Halliday defines a text in terms of the meanings it makes, not its size or form. A text is understood here as communication motivated and shaped by the needs of a particular social context, and as the means of connecting a context to semiotic systems (such as a language)"" (p. 2). ""[...] a 'text' is a semantic unit, manifesting relationships between the social practices of a specific context and a stratified language system"" (p. 12).";"Martin (2016); Halliday e Hasan (1985)";Text in SFL is conceived as an instance of meanings configured in a particular and dynamic context (communication). Halliday defines a text in terms of the meanings it makes. A text is understood here as communication motivated and shaped by the needs of a particular social context, and as the means of connecting a context to semiotic systems (such as language). A text is a semantic unit, manifesting relationships between the social practices of a specific context and a stratified language system.
ScienceDirect;187;Não;Não;https://doi.org/10.1016/j.linged.2009.01.006;A functional approach to integrated assessment of teacher support and student discourse development in an elementary Chinese program;2009;Aberto/Acesso Institucional;Artigo;Inglês;Sim;;"""The text is not a display of language resources, but construction of meaning using the resources of the language system in context"" (p. 23).";;The text is a construction of meaning using the resources of the language system in context.
ScienceDirect;190;Não;Não;https://doi.org/10.1016/0304-422X(73)90001-6;Some remarks on narrative grammars;1973;Aberto/Acesso Institucional;Artigo;Inglês;Sim;;"""On the one hand, TEXT may be defined as 'any sequence of sentences having a certain coherence', and in this weak sense of the term each folk-tale is a text. On the other hand text may be defined more rigourously as 'any unchangeable sequence of sentences which has a strong cohesion and the unchangeable character of which is related to a value system of some sort'"" (p. 12). ""In its stronger meaning, the 'text' is very similar to the notion which Zumthor (1963) called MONUMENT (as opposed to document); that is, a specific use of language resulting from 'the radical tendency to surpass the contingent' which corresponds to the need of representing (and to constituting) a network or values"" (p. 12). ""The text in its stronger sense, is, by definition, unique"" (p. 12).";Zumthor (1963);Text may be defined as any sequence of sentences having a certain coherence. Text may be defined more rigorously as any unchangeable sequence of sentences which has a strong cohesion and the unchangeable character of which is related to a value system of some sort. The text is a specific use of language resulting from the radical tendency to surpass the contingent which corresponds to the need of representing and to constituting a network of values.
ScienceDirect;204;Não;Não;https://doi.org/10.1016/j.eswa.2023.121580;Indices of textual cohesion by lexical repetition based on semantic networks of cliques;2024;Aberto/Acesso Institucional;Artigo;Inglês;Sim;;"""A text is a complex system formed by linguistic (e.g., lexis and syntax) and extralinguistic (e.g., writers and readers) components that interact in multiple ways"" (p. 1)";;A text is a complex system formed by linguistic (for example, lexis and syntax) and extralinguistic (for example, writers and reader) components that interact in multiple ways 
ScienceDirect;206;Não;Não;https://doi.org/10.1016/j.physrep.2023.12.002;Complex systems approach to natural language;2024;Aberto/Acesso Institucional;Artigo;Inglês;Sim;;"""In the most straightforward approach, a text can be treated as a sequence of characters"" (p. 24). ""Another approach is to consider words as individual symbols — a text becomes then a sequence of words"" (p. 24)";;A text can be treated as a sequence of characters. When considering words as individual symbols, a text becomes then a sequence of words.
ScienceDirect;2;Não;Não;https://doi.org/10.1016/j.jeap.2021.101020;A new multidimensional model of writing for research publication: An analysis of disciplinarity, intra-textual variation, and L1 versus LX expert writing;2021;Aberto/Acesso Institucional;Artigo;Inglês;Não;Não traz definição nem caracterização direta de texto;;;
ScienceDirect;3;Não;Não;https://doi.org/10.1016/j.sbspro.2013.06.668;Using Theme-Rheme Analysis for Improving Coherence and Cohesion in Target-Texts: A Methodological Approach;2013;Aberto/Acesso Institucional;Artigo;Inglês;Não;Não traz definição nem caracterização direta de texto;;;
ScienceDirect;4;Não;Não;https://doi.org/10.1016/j.asw.2017.08.003;Exploring the relationship between textual characteristics and rating quality in rater-mediated writing assessments: An illustration with L1 and L2 writing assessments;2017;Aberto/Acesso Institucional;Artigo;Inglês;Não;Não traz definição nem caracterização direta de texto;;;
ScienceDirect;8;Não;Não;https://doi.org/10.1016/j.compcom.2019.102512;Online Metaphorical Feedback and Students’ Textual Revisions: An Embodied Cognitive Experience;2019;Aberto/Acesso Institucional;Artigo;Inglês;Não;Não traz definição nem caracterização direta de texto;;;
ScienceDirect;9;Não;Não;https://doi.org/10.1016/j.ijhcs.2003.12.002;Automatic discourse structure detection using shallow textual continuity;2004;Aberto/Acesso Institucional;Artigo;Inglês;Não;Não traz definição nem caracterização direta de texto;;;
ScienceDirect;10;Não;Não;https://doi.org/10.1016/j.ins.2011.02.013;On the effectiveness of subwords for lexical cohesion based story segmentation of Chinese broadcast news;2011;Aberto/Acesso Institucional;Artigo;Inglês;Não;Não traz definição nem caracterização direta de texto;;;
ScienceDirect;11;Não;Não;https://doi.org/10.1016/j.jslw.2013.03.006;Literary intertextuality in genre-based pedagogies: Building lexical cohesion in fifth-grade L2 writing;2013;Aberto/Acesso Institucional;Artigo;Inglês;Não;Não traz definição nem caracterização direta de texto;;;
ScienceDirect;12;Não;Não;https://doi.org/10.1016/j.asw.2007.02.002;Coherence, cohesion and comments on students’ academic essays;2007;Aberto/Acesso Institucional;Artigo;Inglês;Não;Não traz definição nem caracterização direta de texto;;;
ScienceDirect;13;Não;Não;https://doi.org/10.1016/S8755-4615(99)80005-X;Writing multiplicity: Hypertext and feminist textual politics;1999;Aberto/Acesso Institucional;Artigo;Inglês;Não;Não traz definição nem caracterização direta de texto;;;
ScienceDirect;15;Não;Não;https://doi.org/10.1016/0898-5898(91)90024-D;Cohesion in written narrative and procedural discourse of fifth-grade children;1991;Aberto/Acesso Institucional;Artigo;Inglês;Não;Não traz definição nem caracterização direta de texto;;;
ScienceDirect;16;Não;Não;https://doi.org/10.1016/j.system.2021.102695;Potential contribution of SFL to task-based research: An examination of planning effects using genre-based theme analysis;2022;Aberto/Acesso Institucional;Artigo;Inglês;Não;Não traz definição nem caracterização direta de texto;;;
ScienceDirect;17;Não;Não;https://doi.org/10.1016/S0378-2166(98)00002-2;The textual interplay of grammatical metaphor on the nominalizations occurring in written medical English;1998;Aberto/Acesso Institucional;Artigo;Inglês;Não;Não traz definição nem caracterização direta de texto;;;
ScienceDirect;20;Não;Não;https://doi.org/10.1016/j.accinf.2023.100624;The application of text mining in accounting;2023;Aberto/Acesso Institucional;Artigo;Inglês;Não;Não traz definição nem caracterização direta de texto;;;
ScienceDirect;23;Não;Não;https://doi.org/10.1016/j.lingua.2020.102892;Theme choices in Czech University students’ English-medium Master's theses;2020;Aberto/Acesso Institucional;Artigo;Inglês;Não;Não traz definição nem caracterização direta de texto;;;
ScienceDirect;24;Não;Não;https://doi.org/10.1016/j.jslw.2016.01.003;The development and use of cohesive devices in L2 writing and their relations to judgments of essay quality;2016;Aberto/Acesso Institucional;Artigo;Inglês;Não;Não traz definição nem caracterização direta de texto;;;
ScienceDirect;25;Não;Não;https://doi.org/10.1016/j.asw.2016.08.005;Exploring the relationship of organization and connection with scores in integrated writing assessment;2017;Aberto/Acesso Institucional;Artigo;Inglês;Não;Não traz definição nem caracterização direta de texto;;;
ScienceDirect;26;Não;Não;https://doi.org/10.1016/j.esp.2018.12.002;A functional analysis of text-oriented formulaic expressions in written academic discourse: Multiword sequences vs. single words;2019;Aberto/Acesso Institucional;Artigo;Inglês;Não;Não traz definição nem caracterização direta de texto;;;
ScienceDirect;27;Não;Não;https://doi.org/10.1016/j.dss.2004.11.017;Beyond keyword and cue-phrase matching: A sentence-based abstraction technique for information extraction;2006;Aberto/Acesso Institucional;Artigo;Inglês;Não;Não traz definição nem caracterização direta de texto;;;
ScienceDirect;28;Não;Não;https://doi.org/10.1016/j.chb.2017.03.008;Formative computer-based feedback in the university classroom: Specific concept maps scaffold students' writing;2017;Aberto/Acesso Institucional;Artigo;Inglês;Não;Não traz definição nem caracterização direta de texto;;;
ScienceDirect;29;Não;Não;https://doi.org/10.1016/j.jeap.2019.100776;Asking the right questions: Demystifying writing assignments across the disciplines;2019;Aberto/Acesso Institucional;Artigo;Inglês;Não;Não traz definição nem caracterização direta de texto;;;
ScienceDirect;30;Não;Não;https://doi.org/10.1016/j.langsci.2015.11.001;A critical look at the notion ‘pro-form’. Evidence from indexical markers, spoken discourse and (French) child language;2016;Aberto/Acesso Institucional;Artigo;Inglês;Não;Não traz definição nem caracterização direta de texto;;;
ScienceDirect;31;Não;Não;https://doi.org/10.1016/j.sbspro.2014.01.202;Third Person Anaphoric Reference by Turkish Speakers of French;2014;Aberto/Acesso Institucional;Artigo;Inglês;Não;Não traz definição nem caracterização direta de texto;;;
ScienceDirect;32;Não;Não;https://doi.org/10.1016/j.asw.2022.100641;Diagnosing EFL undergraduates’ discourse competence in academic writing;2022;Aberto/Acesso Institucional;Artigo;Inglês;Não;Não traz definição nem caracterização direta de texto;;;
ScienceDirect;33;Não;Não;https://doi.org/10.1016/0378-2166(84)90001-8;Differences in mode;1984;Aberto/Acesso Institucional;Artigo;Inglês;Não;Não traz definição nem caracterização direta de texto;;;
ScienceDirect;36;Não;Não;https://doi.org/10.1016/j.pragma.2004.11.002;The absence of connectives and the maintenance of coherence in publicity texts;2005;Aberto/Acesso Institucional;Artigo;Inglês;Não;Não traz definição nem caracterização direta de texto;;;
ScienceDirect;37;Não;Não;https://doi.org/10.1016/j.ipm.2019.102133;Content-based characterization of online social communities;2020;Aberto/Acesso Institucional;Artigo;Inglês;Não;Não traz definição nem caracterização direta de texto;;;
ScienceDirect;38;Não;Não;https://doi.org/10.1016/j.jbi.2019.103277;An empirical study on prediction of population health through social media;2019;Aberto/Acesso Institucional;Artigo;Inglês;Não;Não traz definição nem caracterização direta de texto;;;
ScienceDirect;39;Não;Não;https://doi.org/10.1016/j.jslw.2017.09.005;Using mind maps to reveal and develop genre knowledge in a graduate writing course;2017;Aberto/Acesso Institucional;Artigo;Inglês;Não;Não traz definição nem caracterização direta de texto;;;
ScienceDirect;40;Não;Não;https://doi.org/10.1016/j.pragma.2008.09.010;Revealing stance through passive voice;2009;Aberto/Acesso Institucional;Artigo;Inglês;Não;Não traz definição nem caracterização direta de texto;;;
ScienceDirect;41;Não;Não;https://doi.org/10.1016/j.pragma.2008.10.009;Prominent messages in Education and Applied Linguistic abstracts: How do authors appeal to their prospective readers?;2009;Aberto/Acesso Institucional;Artigo;Inglês;Não;Não traz definição nem caracterização direta de texto;;;
ScienceDirect;42;Não;Não;https://doi.org/10.1016/j.sbspro.2014.05.161;Macrolinguistic Errors in Arab EFL Learners’ Essays;2014;Aberto/Acesso Institucional;Artigo;Inglês;Não;Não traz definição nem caracterização direta de texto;;;
ScienceDirect;43;Não;Não;https://doi.org/10.1016/j.sbspro.2011.03.324;Investigating the relationship between discourse markers, language proficiency and reading comprehension: a case of some Iranian university students;2011;Aberto/Acesso Institucional;Artigo;Inglês;Não;Não traz definição nem caracterização direta de texto;;;
ScienceDirect;45;Não;Não;https://doi.org/10.1016/j.lindif.2017.08.005;The effects of genetic and environmental factors on writing development;2017;Aberto/Acesso Institucional;Artigo;Inglês;Não;Não traz definição nem caracterização direta de texto;;;
ScienceDirect;46;Não;Não;https://doi.org/10.1016/0306-4573(90)90013-R;Topic parsing: Accounting for text macro structures in full-text analysis;1990;Aberto/Acesso Institucional;Artigo;Inglês;Não;Não traz definição nem caracterização direta de texto;;;
ScienceDirect;47;Não;Não;https://doi.org/10.1016/j.sbspro.2015.08.043;Discourse Elements in the Missing Manual;2015;Aberto/Acesso Institucional;Artigo;Inglês;Não;Não traz definição nem caracterização direta de texto;;;
ScienceDirect;48;Não;Não;https://doi.org/10.1016/j.asw.2018.12.003;The influence of lexical features on teacher judgements of ESL argumentative essays;2019;Aberto/Acesso Institucional;Artigo;Inglês;Não;Não traz definição nem caracterização direta de texto;;;
ScienceDirect;49;Não;Não;https://doi.org/10.1016/0378-2166(94)90103-1;The role of repetition in perceptions of discourse coherence;1994;Aberto/Acesso Institucional;Artigo;Inglês;Não;Não traz definição nem caracterização direta de texto;;;
ScienceDirect;51;Não;Não;https://doi.org/10.1016/S0388-0001(84)80021-2;Rhetoric and styles: A taxonomy of structures and functions;1984;Aberto/Acesso Institucional;Artigo;Inglês;Não;Não traz definição nem caracterização direta de texto;;;
ScienceDirect;53;Não;Não;https://doi.org/10.1016/0304-422X(87)90024-6;Construing constructivism: Reading research in the United States;1987;Aberto/Acesso Institucional;Artigo;Inglês;Não;Não traz definição nem caracterização direta de texto;;;
ScienceDirect;54;Não;Não;https://doi.org/10.1016/S1075-2935(97)80005-0;Calling writers' bluffs: The social production of writing ability in university placement-testing;1997;Aberto/Acesso Institucional;Artigo;Inglês;Não;Não traz definição nem caracterização direta de texto;;;
ScienceDirect;56;Não;Não;https://doi.org/10.1016/j.csi.2016.09.005;A domain independent readability metric for web service descriptions;2017;Aberto/Acesso Institucional;Artigo;Inglês;Não;Não traz definição nem caracterização direta de texto;;;
ScienceDirect;58;Não;Não;https://doi.org/10.1016/j.esp.2018.05.001;Bringing reality to the classroom: Exercises in intertextuality;2018;Aberto/Acesso Institucional;Artigo;Inglês;Não;Não traz definição nem caracterização direta de texto;;;
ScienceDirect;59;Não;Não;https://doi.org/10.1016/j.jeap.2018.12.004;Theme-Rheme structure in Chinese doctoral students' research writing - From the first draft to the published paper;2019;Aberto/Acesso Institucional;Artigo;Inglês;Não;Não traz definição nem caracterização direta de texto;;;
ScienceDirect;60;Não;Não;https://doi.org/10.1016/0304-422X(90)90003-N;Shifting along the oral/literate continuum: The case of the translated text;1990;Aberto/Acesso Institucional;Artigo;Inglês;Não;Não traz definição nem caracterização direta de texto;;;
ScienceDirect;61;Não;Não;https://doi.org/10.1016/j.langsci.2019.101237;Systemic functional grammar as a tool for experimental stimulus design: new appliable horizons in psycholinguistics and neurolinguistics;2019;Aberto/Acesso Institucional;Artigo;Inglês;Não;Não traz definição nem caracterização direta de texto;;;
ScienceDirect;62;Não;Não;https://doi.org/10.1016/j.bdr.2021.100293;Embedding Semantic Anchors to Guide Topic Models on Short Text Corpora;2022;Aberto/Acesso Institucional;Artigo;Inglês;Não;Não traz definição nem caracterização direta de texto;;;
ScienceDirect;63;Não;Não;https://doi.org/10.1016/j.jeap.2019.100822;A whole school approach to SFL metalanguage and the explicit teaching of language for curriculum learning;2020;Aberto/Acesso Institucional;Artigo;Inglês;Não;Não traz definição nem caracterização direta de texto;;;
ScienceDirect;64;Não;Não;https://doi.org/10.1016/j.asw.2022.100632;Perceptions of authorial voice: Why discrepancies exist;2022;Aberto/Acesso Institucional;Artigo;Inglês;Não;Não traz definição nem caracterização direta de texto;;;
ScienceDirect;65;Não;Não;https://doi.org/10.1016/j.cedpsych.2014.05.003;The interplay of reader goals, working memory, and text structure during reading;2014;Aberto/Acesso Institucional;Artigo;Inglês;Não;Não traz definição nem caracterização direta de texto;;;
ScienceDirect;66;Não;Não;https://doi.org/10.1016/S0920-9964(97)00022-4;A new approach to discourse analysis in psychiatry, applied to a schizophrenic patient's speech;1997;Aberto/Acesso Institucional;Artigo;Inglês;Não;Não traz definição nem caracterização direta de texto;;;
ScienceDirect;67;Não;Não;https://doi.org/10.1016/0889-4906(86)90020-7;Patterns of thought in scientific writing: A course in information structuring for engineering students;1986;Aberto/Acesso Institucional;Artigo;Inglês;Não;Não traz definição nem caracterização direta de texto;;;
ScienceDirect;68;Não;Não;https://doi.org/10.1016/j.iswa.2022.200129;CORPURES: Benchmark corpus for urdu extractive summaries and experiments using supervised learning;2022;Aberto/Acesso Institucional;Artigo;Inglês;Não;Não traz definição nem caracterização direta de texto;;;
ScienceDirect;70;Não;Não;https://doi.org/10.1016/S0378-2166(97)00080-5;Organizational patterns of American and German texts for business and economics: A contrastive study;1998;Aberto/Acesso Institucional;Artigo;Inglês;Não;Não traz definição nem caracterização direta de texto;;;
ScienceDirect;71;Não;Não;https://doi.org/10.1016/j.esp.2004.01.002;Improving reading performance among Egyptian engineering students: principles and practice;2004;Aberto/Acesso Institucional;Artigo;Inglês;Não;Não traz definição nem caracterização direta de texto;;;
ScienceDirect;72;Não;Não;https://doi.org/10.1016/0378-2166(87)90110-X;Semantic and pragmatic parameters of meaning: On the interface between contrastive text analysis and the production of translated texts;1987;Aberto/Acesso Institucional;Artigo;Inglês;Não;Não traz definição nem caracterização direta de texto;;;
ScienceDirect;73;Não;Não;https://doi.org/10.1016/j.dcm.2019.100307;Emoji as social semiotic resources for meaning-making in discourse: Mapping the functions of the toilet emoji in Cher’s tweets about Donald Trump;2019;Aberto/Acesso Institucional;Artigo;Inglês;Não;Não traz definição nem caracterização direta de texto;;;
ScienceDirect;76;Não;Não;https://doi.org/10.1016/j.learninstruc.2018.11.003;Lost in narrative? The effect of informative narratives on text comprehension and metacomprehension accuracy;2019;Aberto/Acesso Institucional;Artigo;Inglês;Não;Não traz definição nem caracterização direta de texto;;;
ScienceDirect;77;Não;Não;https://doi.org/10.1016/0346-251X(82)90023-9;Testing the test of advanced EFL reading comprehension: To what extent does the difficulty of a multiple-choice comprehension test reflect the difficulty of the text?;1982;Aberto/Acesso Institucional;Artigo;Inglês;Não;Não traz definição nem caracterização direta de texto;;;
ScienceDirect;78;Não;Não;https://doi.org/10.1016/j.compcom.2023.102792;Digital storytelling for cultivating a participatory culture in first-year composition;2023;Aberto/Acesso Institucional;Artigo;Inglês;Não;Não traz definição nem caracterização direta de texto;;;
ScienceDirect;82;Não;Não;https://doi.org/10.1016/j.linged.2014.01.003;“Miss, nominalization is a nominalization:” English language learners’ use of SFL metalanguage and their literacy practices;2014;Aberto/Acesso Institucional;Artigo;Inglês;Não;Não traz definição nem caracterização direta de texto;;;
ScienceDirect;83;Não;Não;https://doi.org/10.1016/j.eswa.2020.113421;Rhetorical structure theory: A comprehensive review of theory, parsing methods and applications;2020;Aberto/Acesso Institucional;Artigo;Inglês;Não;Não traz definição nem caracterização direta de texto;;;
ScienceDirect;84;Não;Não;https://doi.org/10.1016/0304-422X(86)90023-9;How to construct a literary poem?;1986;Aberto/Acesso Institucional;Artigo;Inglês;Não;Não traz definição nem caracterização direta de texto;;;
ScienceDirect;85;Não;Não;https://doi.org/10.1016/j.lindif.2023.102283;The effects of prior knowledge in a scenario-based comprehension assessment: A multidimensional approach;2023;Aberto/Acesso Institucional;Artigo;Inglês;Não;Não traz definição nem caracterização direta de texto;;;
ScienceDirect;87;Não;Não;https://doi.org/10.1016/j.jslw.2023.101001;Genre-related episodes as a lens on students’ emerging genre knowledge: Implications for genre-based writing pedagogy, collaborative tasks, and learning materials;2023;Aberto/Acesso Institucional;Artigo;Inglês;Não;Não traz definição nem caracterização direta de texto;;;
ScienceDirect;88;Não;Não;https://doi.org/10.1016/j.learninstruc.2008.05.005;Children's cognitive effort and fluency in writing: Effects of genre and of handwriting automatisation;2009;Aberto/Acesso Institucional;Artigo;Inglês;Não;Não traz definição nem caracterização direta de texto;;;
ScienceDirect;89;Não;Não;https://doi.org/10.1016/j.jeap.2023.101251;Rhetorical relations in university students’ presentations;2023;Aberto/Acesso Institucional;Artigo;Inglês;Não;Não traz definição nem caracterização direta de texto;;;
ScienceDirect;90;Não;Não;https://doi.org/10.1016/j.compcom.2016.08.003;Visualizing Words and Knowledge: Arts of Memory for the Digital Age;2016;Aberto/Acesso Institucional;Artigo;Inglês;Não;Não traz definição nem caracterização direta de texto;;;
ScienceDirect;92;Não;Não;https://doi.org/10.1016/j.chb.2023.107880;Are we braver in cyberspace? Social media anonymity enhances moral courage;2023;Aberto/Acesso Institucional;Artigo;Inglês;Não;Não traz definição nem caracterização direta de texto;;;
ScienceDirect;93;Não;Não;https://doi.org/10.1016/0378-2166(91)90049-4;The will to peace: A sociosemiotic analysis of the Helsinki ‘Final Act’;1991;Aberto/Acesso Institucional;Artigo;Inglês;Não;Não traz definição nem caracterização direta de texto;;;
ScienceDirect;95;Não;Não;https://doi.org/10.1016/j.pragma.2011.12.010;Word order and informative functions (topic and focus) in Spanish Signed Language utterances;2012;Aberto/Acesso Institucional;Artigo;Inglês;Não;Não traz definição nem caracterização direta de texto;;;
ScienceDirect;97;Não;Não;https://doi.org/10.1016/j.ssaho.2023.100441;Conceptual-analytical framework for exploring culture in EFL coursebooks: Analysis of teaching materials from a multimodal perspective;2023;Aberto/Acesso Institucional;Artigo;Inglês;Não;Não traz definição nem caracterização direta de texto;;;
ScienceDirect;101;Não;Não;https://doi.org/10.1016/0024-3841(93)90062-2;Are there logical relations in a text?;1993;Aberto/Acesso Institucional;Artigo;Inglês;Não;Não traz definição nem caracterização direta de texto;;;
ScienceDirect;102;Não;Não;https://doi.org/10.1016/0271-5309(90)90021-3;Cognitive aspects of the translation process;1990;Aberto/Acesso Institucional;Artigo;Inglês;Não;Não traz definição nem caracterização direta de texto;;;
ScienceDirect;103;Não;Não;https://doi.org/10.1016/S1075-2935(00)00015-5;Response and the social construction of error;2000;Aberto/Acesso Institucional;Artigo;Inglês;Não;Não traz definição nem caracterização direta de texto;;;
ScienceDirect;104;Não;Não;https://doi.org/10.1016/j.system.2017.08.004;Beyond single-word measures: L2 writing assessment, lexical richness and formulaic competence;2017;Aberto/Acesso Institucional;Artigo;Inglês;Não;Não traz definição nem caracterização direta de texto;;;
ScienceDirect;105;Não;Não;https://doi.org/10.1016/0306-4573(95)00028-F;How to implement a naturalistic model of abstracting: Four core working steps of an expert abstractor;1995;Aberto/Acesso Institucional;Artigo;Inglês;Não;Não traz definição nem caracterização direta de texto;;;
ScienceDirect;107;Não;Não;https://doi.org/10.1016/j.jeap.2018.02.003;Academic vocabulary in ESL student papers: A corpus-based study;2018;Aberto/Acesso Institucional;Artigo;Inglês;Não;Não traz definição nem caracterização direta de texto;;;
ScienceDirect;111;Não;Não;https://doi.org/10.1016/j.heliyon.2021.e07302;The intricacies of voicing over documentaries from English into Arabic: implications for translator training;2021;Aberto/Acesso Institucional;Artigo;Inglês;Não;Não traz definição nem caracterização direta de texto;;;
ScienceDirect;112;Não;Não;https://doi.org/10.1016/j.ijar.2012.07.004;Towards linguistic descriptions of phenomena;2013;Aberto/Acesso Institucional;Artigo;Inglês;Não;Não traz definição nem caracterização direta de texto;;;
ScienceDirect;113;Não;Não;https://doi.org/10.1016/j.chb.2010.12.008;Reading skills and children’s navigation strategies in hypertext;2011;Aberto/Acesso Institucional;Artigo;Inglês;Não;Não traz definição nem caracterização direta de texto;;;
ScienceDirect;114;Não;Não;https://doi.org/10.1016/j.jeap.2005.08.001;Rhetorical moves in TESOL conference proposals;2006;Aberto/Acesso Institucional;Artigo;Inglês;Não;Não traz definição nem caracterização direta de texto;;;
ScienceDirect;118;Não;Não;https://doi.org/10.1016/0361-3682(87)90018-3;No accounting for sexuality;1987;Aberto/Acesso Institucional;Artigo;Inglês;Não;Não traz definição nem caracterização direta de texto;;;
ScienceDirect;119;Não;Não;https://doi.org/10.1016/j.image.2021.116512;A new method for detection and prediction of occluded text in natural scene images;2022;Aberto/Acesso Institucional;Artigo;Inglês;Não;Não traz definição nem caracterização direta de texto;;;
ScienceDirect;121;Não;Não;https://doi.org/10.1016/j.lingua.2021.103129;The functions and evolution of xob ‘well’ in Persian: A thetical analysis;2021;Aberto/Acesso Institucional;Artigo;Inglês;Não;Não traz definição nem caracterização direta de texto;;;
ScienceDirect;122;Não;Não;https://doi.org/10.1016/j.knosys.2017.01.006;Automated essay evaluation with semantic analysis;2017;Aberto/Acesso Institucional;Artigo;Inglês;Não;Não traz definição nem caracterização direta de texto;;;
ScienceDirect;123;Não;Não;https://doi.org/10.1016/0160-2527(88)90011-8;Jurisprudence and the appropriation of the psychoanalytic: A study in ideology and form;1988;Aberto/Acesso Institucional;Artigo;Inglês;Não;Não traz definição nem caracterização direta de texto;;;
ScienceDirect;124;Não;Não;https://doi.org/10.1016/S0898-5898(97)90011-5;Society, education, linguistics, and language: Inclusion and exclusion in theory and practice;1997;Aberto/Acesso Institucional;Artigo;Inglês;Não;Não traz definição nem caracterização direta de texto;;;
ScienceDirect;126;Não;Não;https://doi.org/10.1016/S1665-6423(14)71602-5;AnaPro, Tool for Identification and Resolution of Direct Anaphora in Spanish;2014;Aberto/Acesso Institucional;Artigo;Inglês;Não;Não traz definição nem caracterização direta de texto;;;
ScienceDirect;127;Não;Não;https://doi.org/10.1016/j.langsci.2003.06.002;Anglophone systemicists and French enunciativists: shall the twain never meet?;2004;Aberto/Acesso Institucional;Artigo;Inglês;Não;Não traz definição nem caracterização direta de texto;;;
ScienceDirect;128;Não;Não;https://doi.org/10.1016/S0926-5805(99)00054-0;Computer graphics: assistance for archaelogical hypotheses;2000;Aberto/Acesso Institucional;Artigo;Inglês;Não;Não traz definição nem caracterização direta de texto;;;
ScienceDirect;129;Não;Não;https://doi.org/10.1016/j.compcom.2003.08.024;Looking for sources of coherence in a fragmented world: Notes toward a new assessment design;2004;Aberto/Acesso Institucional;Artigo;Inglês;Não;Não traz definição nem caracterização direta de texto;;;
ScienceDirect;130;Não;Não;https://doi.org/10.1016/j.pragma.2017.10.011;Multimodal artefacts and the texture of viewpoint;2017;Aberto/Acesso Institucional;Artigo;Inglês;Não;Não traz definição nem caracterização direta de texto;;;
ScienceDirect;132;Não;Não;https://doi.org/10.1016/j.jeap.2022.101191;Writer responsibility across sections of research articles: Recycling of directional determinants by English and Iranian academics;2022;Aberto/Acesso Institucional;Artigo;Inglês;Não;Não traz definição nem caracterização direta de texto;;;
ScienceDirect;133;Não;Não;https://doi.org/10.1016/j.langcom.2009.05.002;Words in motion and the semiotics of the unseen in two Korean churches;2010;Aberto/Acesso Institucional;Artigo;Inglês;Não;Não traz definição nem caracterização direta de texto;;;
ScienceDirect;134;Não;Não;https://doi.org/10.1016/j.pragma.2010.10.032;Verging on divine: The matter of Benedictine silence and the justification of law and language;2011;Aberto/Acesso Institucional;Artigo;Inglês;Não;Não traz definição nem caracterização direta de texto;;;
ScienceDirect;135;Não;Não;https://doi.org/10.1016/j.datak.2014.07.009;Rhetorical Structure Theory for polarity estimation: An experimental study;2014;Aberto/Acesso Institucional;Artigo;Inglês;Não;Não traz definição nem caracterização direta de texto;;;
ScienceDirect;136;Não;Não;https://doi.org/10.1016/j.jeap.2018.11.010;Revisiting the metadiscursive aspect of definitions in academic writing;2019;Aberto/Acesso Institucional;Artigo;Inglês;Não;Não traz definição nem caracterização direta de texto;;;
ScienceDirect;138;Não;Não;https://doi.org/10.1016/j.sbspro.2014.05.319;The Impact of Formal Instruction of References and Conjunctions on Reading Comprehension of Iranian ESP Students;2014;Aberto/Acesso Institucional;Artigo;Inglês;Não;Não traz definição nem caracterização direta de texto;;;
ScienceDirect;139;Não;Não;https://doi.org/10.1016/S1060-3743(97)90015-1;Writing instruction at the German Gymnasium: A 13th-grade English class writes the Abitur;1997;Aberto/Acesso Institucional;Artigo;Inglês;Não;Não traz definição nem caracterização direta de texto;;;
ScienceDirect;140;Não;Não;https://doi.org/10.1016/j.jslw.2006.06.002;Revising in two languages: A multi-dimensional comparison of online writing revisions in L1 and FL;2006;Aberto/Acesso Institucional;Artigo;Inglês;Não;Não traz definição nem caracterização direta de texto;;;
ScienceDirect;142;Não;Não;https://doi.org/10.1016/j.ijmedinf.2017.11.006;Tracking word semantic change in biomedical literature;2018;Aberto/Acesso Institucional;Artigo;Inglês;Não;Não traz definição nem caracterização direta de texto;;;
ScienceDirect;143;Não;Não;https://doi.org/10.1016/1060-3743(94)90002-7;Discourse, artifacts, and the ozarks: Understanding academic literacy;1994;Aberto/Acesso Institucional;Artigo;Inglês;Não;Não traz definição nem caracterização direta de texto;;;
ScienceDirect;144;Não;Não;https://doi.org/10.1016/j.jslw.2007.07.005;Genre pedagogy: Language, literacy and L2 writing instruction;2007;Aberto/Acesso Institucional;Artigo;Inglês;Não;Não traz definição nem caracterização direta de texto;;;
ScienceDirect;145;Não;Não;https://doi.org/10.1016/j.jii.2018.06.001;Automated support to capture verbal just-in-time requirements via audio mining and cluster-based visualization;2019;Aberto/Acesso Institucional;Artigo;Inglês;Não;Não traz definição nem caracterização direta de texto;;;
ScienceDirect;149;Não;Não;https://doi.org/10.1016/0304-422X(83)90011-6;Advances in the empirical sociology of literature and the arts: The institutional approach;1983;Aberto/Acesso Institucional;Artigo;Inglês;Não;Não traz definição nem caracterização direta de texto;;;
ScienceDirect;153;Não;Não;https://doi.org/10.1016/S0346-251X(98)00006-2;The case for a procedural model as a multiple measure of reading comprehension;1998;Aberto/Acesso Institucional;Artigo;Inglês;Não;Não traz definição nem caracterização direta de texto;;;
ScienceDirect;156;Não;Não;https://doi.org/10.1016/j.linged.2019.100791;Hospitable writing: Accommodating emergent users of English by means of intralingual translation;2020;Aberto/Acesso Institucional;Artigo;Inglês;Não;Não traz definição nem caracterização direta de texto;;;
ScienceDirect;157;Não;Não;https://doi.org/10.1016/j.jslw.2019.100708;Effect of strategy instruction on EFL students’ video-mediated integrated writing performance;2020;Aberto/Acesso Institucional;Artigo;Inglês;Não;Não traz definição nem caracterização direta de texto;;;
ScienceDirect;158;Não;Não;https://doi.org/10.1016/j.chb.2023.107684;Self-presentation in medicine: How language patterns reflect physician impression management goals and affect perceptions;2023;Aberto/Acesso Institucional;Artigo;Inglês;Não;Não traz definição nem caracterização direta de texto;;;
ScienceDirect;159;Não;Não;https://doi.org/10.1016/j.artint.2023.103935;Improving logical flow in English-as-a-foreign-language learner essays by reordering sentences;2023;Aberto/Acesso Institucional;Artigo;Inglês;Não;Não traz definição nem caracterização direta de texto;;;
ScienceDirect;161;Não;Não;https://doi.org/10.1016/0304-422X(72)90039-3;The syntactico-semantic organization of text-structures;1972;Aberto/Acesso Institucional;Artigo;Inglês;Não;Não traz definição nem caracterização direta de texto;;;
ScienceDirect;162;Não;Não;https://doi.org/10.1016/j.cedpsych.2023.102180;A quasi-experimental study of a peer-assisted strategy-based reading intervention in elementary school;2023;Aberto/Acesso Institucional;Artigo;Inglês;Não;Não traz definição nem caracterização direta de texto;;;
ScienceDirect;163;Não;Não;https://doi.org/10.1016/0306-4573(95)00052-I;Automatic condensation of electronic publications by sentence selection;1995;Aberto/Acesso Institucional;Artigo;Inglês;Não;Não traz definição nem caracterização direta de texto;;;
ScienceDirect;164;Não;Não;https://doi.org/10.1016/j.heliyon.2018.e00938;State-of-the-art in artificial neural network applications: A survey;2018;Aberto/Acesso Institucional;Artigo;Inglês;Não;Não traz definição nem caracterização direta de texto;;;
ScienceDirect;165;Não;Não;https://doi.org/10.1016/0346-251X(90)90005-P;Text production in the foreign language classroom and the word processor;1990;Aberto/Acesso Institucional;Artigo;Inglês;Não;Não traz definição nem caracterização direta de texto;;;
ScienceDirect;166;Não;Não;https://doi.org/10.1016/j.jslw.2011.03.001;Genre-based tasks in foreign language writing: Developing writers’ genre awareness, linguistic knowledge, and writing competence;2011;Aberto/Acesso Institucional;Artigo;Inglês;Não;Não traz definição nem caracterização direta de texto;;;
ScienceDirect;167;Não;Não;https://doi.org/10.1016/S0022-5371(83)80002-4;Macrorules for summarizing texts: the development of expertise;1983;Aberto/Acesso Institucional;Artigo;Inglês;Não;Não traz definição nem caracterização direta de texto;;;
ScienceDirect;170;Não;Não;https://doi.org/10.1016/j.pragma.2005.09.010;Discourse markers as signals (or not) of rhetorical relations;2006;Aberto/Acesso Institucional;Artigo;Inglês;Não;Não traz definição nem caracterização direta de texto;;;
ScienceDirect;171;Não;Não;https://doi.org/10.1016/j.chb.2013.01.023;An empirical study of narrative imagery in implicit and explicit contexts;2013;Aberto/Acesso Institucional;Artigo;Inglês;Não;Não traz definição nem caracterização direta de texto;;;
ScienceDirect;172;Não;Não;https://doi.org/10.1016/S0304-422X(98)00015-1;A poetics of grammar: Playing with narrative perspectives and voices in Japanese and translation texts;1999;Aberto/Acesso Institucional;Artigo;Inglês;Não;Não traz definição nem caracterização direta de texto;;;
ScienceDirect;173;Não;Não;https://doi.org/10.1016/j.esp.2019.01.001;The benefits of explicit teaching of language for curriculum learning in the physical education classroom;2019;Aberto/Acesso Institucional;Artigo;Inglês;Não;Não traz definição nem caracterização direta de texto;;;
ScienceDirect;176;Não;Não;https://doi.org/10.1016/j.learninstruc.2019.101215;Judging scientific information: Does source evaluation prevent the seductive effect of text easiness?;2019;Aberto/Acesso Institucional;Artigo;Inglês;Não;Não traz definição nem caracterização direta de texto;;;
ScienceDirect;178;Não;Não;https://doi.org/10.1016/0346-251X(89)90055-9;Teaching students to summarize: Applying textlinguistics;1989;Aberto/Acesso Institucional;Artigo;Inglês;Não;Não traz definição nem caracterização direta de texto;;;
ScienceDirect;179;Não;Não;https://doi.org/10.1016/j.edurev.2020.100358;How accurately can learners discriminate their comprehension of texts? A comprehensive meta-analysis on relative metacomprehension accuracy and influencing factors;2020;Aberto/Acesso Institucional;Artigo;Inglês;Não;Não traz definição nem caracterização direta de texto;;;
ScienceDirect;180;Não;Não;https://doi.org/10.1016/j.jeap.2022.101154;The effect of lexical coverage on L2 learners’ reading comprehension of narrative and expository genres;2022;Aberto/Acesso Institucional;Artigo;Inglês;Não;Não traz definição nem caracterização direta de texto;;;
ScienceDirect;181;Não;Não;https://doi.org/10.1016/S0022-5371(79)90164-6;Foregrounding effects in discourse comprehension;1979;Aberto/Acesso Institucional;Artigo;Inglês;Não;Não traz definição nem caracterização direta de texto;;;
ScienceDirect;183;Não;Não;https://doi.org/10.1016/j.artint.2012.06.004;Computing text semantic relatedness using the contents and links of a hypertext encyclopedia;2013;Aberto/Acesso Institucional;Artigo;Inglês;Não;Não traz definição nem caracterização direta de texto;;;
ScienceDirect;184;Não;Não;https://doi.org/10.1016/j.sheji.2016.01.010;Examining Practical, Everyday Theory Use in Design Research;2016;Aberto/Acesso Institucional;Artigo;Inglês;Não;Não traz definição nem caracterização direta de texto;;;
ScienceDirect;188;Não;Não;https://doi.org/10.1016/0889-4906(88)90029-4;A genre-based investigation of the discussion sections in articles and dissertations;1988;Aberto/Acesso Institucional;Artigo;Inglês;Não;Não traz definição nem caracterização direta de texto;;;
ScienceDirect;191;Não;Não;https://doi.org/10.1016/j.linged.2015.02.002;Reading science: Using systemic functional linguistics to support critical language awareness;2015;Aberto/Acesso Institucional;Artigo;Inglês;Não;Não traz definição nem caracterização direta de texto;;;
ScienceDirect;192;Não;Não;https://doi.org/10.1016/j.system.2014.03.002;Disciplinary variations in English domain-specific personal epistemology: Insights from disciplines differing along Biglan's dimensions of academic domains classification;2014;Aberto/Acesso Institucional;Artigo;Inglês;Não;Não traz definição nem caracterização direta de texto;;;
ScienceDirect;193;Não;Não;https://doi.org/10.1016/0378-2166(87)90196-2;Cultural differences in the organization of academic texts: English and German;1987;Aberto/Acesso Institucional;Artigo;Inglês;Não;Não traz definição nem caracterização direta de texto;;;
ScienceDirect;194;Não;Não;https://doi.org/10.1016/j.schres.2011.04.026;Detecting order–disorder transitions in discourse: Implications for schizophrenia;2011;Aberto/Acesso Institucional;Artigo;Inglês;Não;Não traz definição nem caracterização direta de texto;;;
ScienceDirect;195;Não;Não;https://doi.org/10.1016/j.pragma.2020.05.002;In the frame: Signalling structure in academic articles and blogs;2020;Aberto/Acesso Institucional;Artigo;Inglês;Não;Não traz definição nem caracterização direta de texto;;;
ScienceDirect;196;Não;Não;https://doi.org/10.1016/0378-2166(86)90099-8;Functions of and in discourse;1986;Aberto/Acesso Institucional;Artigo;Inglês;Não;Não traz definição nem caracterização direta de texto;;;
ScienceDirect;199;Não;Não;https://doi.org/10.1016/0304-422X(73)90002-8;Elements towards a literary analytics;1973;Aberto/Acesso Institucional;Artigo;Inglês;Não;Não traz definição nem caracterização direta de texto;;;
ScienceDirect;202;Não;Não;https://doi.org/10.1016/j.patcog.2023.109839;Unsupervised update summarization of news events;2023;Aberto;Artigo;Inglês;Não;Não traz definição nem caracterização direta de texto;;;
ScienceDirect;203;Não;Não;https://doi.org/10.1016/j.jmathb.2023.101097;Applying a new framework of connections between mathematical symbols and natural language;2023;Aberto;Artigo;Inglês;Não;Não traz definição nem caracterização direta de texto;;;
ScienceDirect;205;Não;Não;https://doi.org/10.1016/j.asw.2023.100803;A mixed Rasch model analysis of multiple profiles in L2 writing;2024;Aberto;Artigo;Inglês;Não;Não traz definição nem caracterização direta de texto;;;
ScienceDirect;207;Não;Não;https://doi.org/10.1016/j.langcom.2023.12.003;Place branding and translocal chronotopes in Finnish municipality slogans;2024;Aberto/Acesso Institucional;Artigo;Inglês;Não;Não traz definição nem caracterização direta de texto;;;
ScienceDirect;208;Não;Não;https://doi.org/10.1016/j.procs.2024.03.246;Checking Counterfeit Critiques on Commodities using Ensemble Classifiers Enhancing Information Credibility;2024;Aberto;Artigo;Inglês;Não;Não traz definição nem caracterização direta de texto;;;
ScienceDirect;209;Não;Não;https://doi.org/10.1016/j.ipm.2024.103691;Online attention versus knowledge utilization: Exploring how linguistic features of scientific papers influence knowledge diffusion;2024;Aberto/Acesso Institucional;Artigo;Inglês;Não;Não traz definição nem caracterização direta de texto;;;
ScienceDirect;210;Não;Não;https://doi.org/10.1016/j.cedpsych.2024.102272;The contributions of executive functioning to handwritten and keyboarded compositions in Year 2 children;2024;Aberto;Artigo;Inglês;Não;Não traz definição nem caracterização direta de texto;;;
Capes Portal;3;Não;Não;https://doi.org/10.17721/APULTP.2021.43.22-41;Textuality standards of goods labels and packaging;2021;Aberto;Artigo;Inglês;Sim;;"""The text is any written record of communicative event [...]"" (p. 27).";De Beaugrande (1980);The text is any written record of communicative event.
Capes Portal;5;Não;Não;https://doi.org/10.46991/AFA/2015.11.2.049;Textual repetition as a manifestation of irony;2015;Aberto;Artigo;Inglês;Sim;;"""Text is a unit of language in use. It is a lexico-grammatical unit realized through a phonological system with its own hierarchy of units (Halliday 1977:6-7). Text has been defined as a communicative occurrence which meets seven standards of textuality – cohesion, coherence, intentionality, acceptability, informativity, situationality and intertextuality (Halliday, Hasan 1976:14-18)"" (p. 49). ""Unlike a spontaneous speech, text is a result of integrity and wholeness comprised by different types of linkage – lexical, grammatical, logical and stylistic"" (p. 50).";"Halliday (1977); Halliday e Hasan (1976)";Text is a unit of language in use. Text is a lexico-grammatical unit realized through a phonological system with its own hierarchy of units. Text has been defined as a communicative occurrence which meets seven standards of textuality – cohesion, coherence, intentionality, acceptability, informativity, situationality and intertextuality. Text is a result of integrity and wholeness comprised by different types of linkage – lexical, grammatical, logical and stylistic.
Capes Portal;7;Não;Não;https://doi.org/10.52034/lanstts.v3i.106;What's a term? An attempt to define the term within the theoretical framework of text linguistics;2004;Aberto;Artigo;Inglês;Sim;;"""Today, text linguistics approaches the study of the level of the text from at least three different perspectives. These are (1) the text itself, which is seen as the product of a communicative act or event, (2) the participants in the communicative event, i.e. the producer and the receiver of the text, and (3) the situation in which the communicative event takes places. For the purposes of this article, only the first of these three perspectives will be considered. Within this perspective, the text is a construct that has to have texture, i.e. it has to possess characteristics that allow it to function as a unit"" (p. 103).";;The text is seen as the product of a communicative act or event. The text is a construct that has to have texture, it has to possess characteristics that allow it to function as a unit.
Capes Portal;10;Não;Não;http://dx.doi.org/10.11114/jets.v4i12.1897;Evaluation of English textbooks in terms of textuality standards;2016;Aberto;Artigo;Inglês;Sim;;"""In the most general sense, a text is a set of words that make up a format, narrative and punctuation features (TDK, 2011). Akbayır (2007) expresses how if a fabric takes shape by weaving the ropes as a whole, similarly, a text is made up by adding the elements which build the text one after the other. A text is a system which is composed of interconnected elements generated by people as oral or written in a particular context (Günay, 2007). Güllü (1994) defines a text as a passage which can be in various length, oral or written and evokes a unity"" (p. 36).";"Türk (2011); Akbayır (2007); Günay (2007); Güllü (1994)"; A text is a set of words that make up a format, narrative and punctuation features.  A text is made up by adding the elements which build the text one after the other. A text is a system which is composed of interconnected elements generated by people as oral or written in a particular context. A text is a passage which can be in various length, oral or written and evokes a unity.
Capes Portal;16;Não;Não;https://doi.org/10.23918/ijsses.v8i4p276;The concept of cohesion and coherence in modern linguistics with reference to English and Kurdish;2021;Aberto;Artigo;Inglês;Sim;;"""A text is a unified semantic unit which refers to any spoken or written passage to any spoken or written passage of whatever length. Texts, presumably, the main area of separation for cohesion, are seen as language units which have a definable communicative function, characterized by such principles as cohesion, coherence, and informativeness which can be used to provide a formal definition of what constitutes their identifying textuality or texture"" (p. 279).";;A text is a unified semantic unit which refers to any spoken or written passage of whatever length. Texts, presumably, the main area of separation for cohesion, are seen as language units which have a definable communicative function, characterized by such principles as cohesion, coherence, and informativeness which can be used to provide a formal definition of what constitutes their identifying textuality or texture.
Capes Portal;19;Não;Não;http://www.scielo.org.za/scielo.php?script=sci_arttext&pid=S1010-99192021000100008;Local incoherence, global coherence? Allusion and the readability of ancient Israelite literature;2021;Aberto;Artigo;Inglês;Sim;;"""Robert de Beaugrande and Wolfgang Dressler, Introduction to Text Linguistics (London: Longman, 1981), 3: 'A TEXT will be defined as a COMMUNICATIVE OCCURRENCE which meets seven standards of TEXTUALITY. If any of these standards is not considered to have been satisfied, they text will not be communicative. Hence, noncommunicative texts are treated as non-texts.' These standards (pp. 3–12) are cohesion, coherence, intentionality, acceptability, informativity, situationality and intertextuality"" (p. 141, nota de rodapé).";De Beaugrande e Dressler (1981);A text will be defined as a communicative occurrence which meets seven standards of textuality. If any of these standards is not considered to have been satisfied, they text will not be communicative. Hence, noncommunicative texts are treated as non-texts. These standards are cohesion, coherence, intentionality, acceptability, informativity, situationality and intertextuality.
Capes Portal;34;Não;Não;https://eric.ed.gov/?id=ED618182;Impact of teaching cohesive devices to Iranian EFL learners: Case of IELTS writing task 2 examination;2020;Aberto;Artigo;Inglês;Sim;;"""Michael Halliday (1994); one of the linguists credited with the development of systemic linguistics and functional grammar, defines text as any authentic stretch of written or spoken language"" (p. 115). ""In Halliday and Hasan‟s definition in their book Cohesion in English (1976, p.23), coherence refers to the internal elements of a text, consisting of cohesion and register. They further added that 'A text is a passage of discourse which is coherent in these two regards: it is coherent concerning the context of the situation, and therefore consistent in a register, and it is coherent concerning itself, and therefore cohesive'"" (p. 118).";"Halliday (1994); Halliday e Hasan (1976)";A text is any authentic stretch of written or spoken language. A text is a passage of discourse which is coherent in these two regards: it is coherent concerning the context of the situation, and therefore consistent in a register, and it is coherent concerning itself, and therefore cohesive.
Capes Portal;35;Não;Não;https://revistaseletronicas.pucrs.br/ojs/index.php/fale/article/view/17489;On the categories of textual cohesion and text complexity;1985;Aberto;Artigo;Português;Sim;;"""Brown & Yule (1984: 190) definem o texto como 'o registro verbal de uma ocorrência comunicativa', e destacam o papel relacional da coesão"" (p. 31).";Brown e Yule (1984);A text is the verbal record of a communicative occurrence.
Capes Portal;39;Não;Não;https://portaldeperiodicos.animaeducacao.com.br/index.php/Linguagem_Discurso/article/view/180;Assessment of text production;2001;Aberto;Artigo;Português;Sim;;"""[...] O texto ou discurso é definido, segundo Costa Val 'como ocorrência lingüística falada ou escrita de qualquer extensão, dotada de unidade sóciocomunicativa, semântica e formal' (p. 3). Ou seja, um texto é uma unidade de linguagem em uso, cumprindo uma função identificável num dado jogo de ação sociocomunicativa"" (p. 1). ""Segundo Costa Val, 'uma ocorrência lingüística, para ser texto, precisa ser percebida pelo recebedor como um todo significativo. Ainda, o texto caracteriza-se por apresentar uma unidade formal, material. Os elementos lingüísticos que o formam devem ser reconhecivelmente integrados, de modo a permitirem que ele seja apreendido como um todo coeso (p. 4)"" (p. 1). ""Assim um texto caracteriza-se como texto pela sua textualidade, ou seja, conjunto de fatores que faze com que um texto seja um texto e não amontoado de frases"" (p. 2).";Costa Val (1991);The text or discourse is defined as a linguistic occurrence, spoken or written, of any extension, endowed with socio-communicative, semantic and formal unity. A text is a unit of language in use, fulfilling an identifiable function in a given socio-communicative action game. A linguistic occurrence, to be a text, needs to be perceived by its receiver as a meaninful whole. The text is characterized by presenting a formal, material unity. The linguistic elements that form the text must be recognizably integrated, so that it can be apprehended as a cohesive whole. A text is characterized as a text by its textuality, that is, a set of factors that make a text a text and not a pile of sentences.
Capes Portal;45;Não;Sim;https://doi.org/10.1016/j.eswa.2023.121580;Indices of textual cohesion by lexical repetition based on semantic networks of cliques;2024;Aberto/Acesso Institucional;Artigo;Inglês;Sim;;"""A text is a complex system formed by linguistic (e.g., lexis and syntax) and extralinguistic (e.g., writers and readers) components that interact in multiple ways"" (p. 1)";;A text is a complex system formed by linguistic (for example, lexis and syntax) and extralinguistic (for example, writers and reader) components that interact in multiple ways 
Capes Portal;49;Não;Não;https://doi.org/10.2307/3586466;Cohesion Is Not Coherence;1982;Aberto/Acesso Institucional;Artigo;Inglês;Sim;;"""The word TEXT is used in linguistics to refer to any passage, spoken or written, of whatever length, that does form a unified whole"" (p. 480).";Halliday e Hasan (1976);The word text is used in linguistics to refer to any passage, spoken or written, of whatever length, that does form a unified whole.
Capes Portal;4;Não;Não;https://doi.org/10.1007/s11145-016-9690-4;That noun phrase may be beneficial and this may not be: discourse cohesion in reading and writing;2017;Acesso Institucional;Artigo;Inglês;Não;Não traz definição nem caracterização direta de texto;;;
Capes Portal;30;Não;Não;http://doi.org/10.5539/ijel.v7n5p127;Cohesive Ties in Scientific Texts: An Analytical Approach;2017;Aberto;Artigo;Inglês;Não;Não traz definição nem caracterização direta de texto;;;
Capes Portal;32;Não;Não;https://periodicos.sbu.unicamp.br/ojs/index.php/cel/article/view/8636691/4410;Linkage between Sentences in a Text;1995;Aberto;Artigo;Português;Não;Não traz definição nem caracterização direta de texto;;;
Capes Portal;44;Não;Não;https://doi.org/10.5204/mcj.2372;Doubling: Capitalism and Textual Duplication;2005;Aberto;Artigo;Inglês;Não;Não traz definição nem caracterização direta de texto;;;
SciELO;1;Não;Não;http://dx.doi.org/10.15381/lengsoc.v21i1.22481;Recursos cohesivos en textos periodísticos: análisis comparativo en cinco publicaciones del diario El Comercio de Perú;2022;Aberto;Artigo;Espanhol;Sim;;"""Según Beaugrande y Dressler (1997), el texto es um 'acontecimiento comunicativo' que solo es posible si cumple siete normas de textualidade: la cohesión, la coherencia, intencionalidad, aceptabilidad, informatividad, situacionalidad e intertextualidad"" (p. 406)";De Beaugrande e Dressler (1997);A text is a communicative event that is only possible if meets seven standards of textuality: cohesion, coherence, intentionality, acceptability, informativity, situationality and intertextuality.
SciELO;2;Não;Não;http://dx.doi.org/10.15359/ree.19-1.21;Text Linguistics in Research Papers Prepared by University Students: Teaching through Lesson Plans and Textbooks;2015;Aberto;Artigo;Espanhol;Sim;;"""'El texto debe entenderse como uma unidad semántica y no formal; el texto no está formado por oraciones, sino que se va realizando y codificando por oraciones, de ahí que su estructura no se corresponda em todos los casos com la propia de las oraciones y preposiciones gramaticales'"" (p.392)";"Halliday e Hasan (1976); Mendoza et al. (1996)";A text must be regarded as a semantic unit. A text is realized and coded by sentences.
